filename,width,height,class,xmin,ymin,xmax,ymax
2246.jpg,600,425,Gorila,28,156,284,400
1741.jpg,1200,675,Gorila,313,63,744,569
1000.jpg,500,333,Tigre,68,3,408,273
1947.jpg,630,355,Gorila,51,5,589,355
756.jpg,500,334,Tigre,141,118,395,242
435.jpg,500,400,Tigre,127,184,447,360
941.jpg,500,370,Tigre,79,39,473,360
2465.jpg,600,474,Gorila,222,61,538,468
2153.jpg,328,154,Gorila,113,4,318,154
1964.jpg,770,385,Gorila,3,8,675,384
1787.jpg,2560,1600,Gorila,344,264,2086,1578
70.jpg,500,281,Tigre,199,32,487,281
1829.jpg,299,168,Gorila,6,6,294,164
2057.jpg,300,168,Gorila,17,1,192,162
2282.jpg,412,232,Gorila,222,21,412,213
2282.jpg,412,232,Gorila,1,27,202,232
2798.jpg,2576,1932,Jorge,523,858,1237,1730
2052.jpg,1023,682,Gorila,541,171,880,632
2052.jpg,1023,682,Gorila,236,38,569,527
2307.jpg,292,172,Gorila,41,14,264,166
1891.jpg,340,352,Gorila,46,16,301,352
712.jpg,500,273,Tigre,113,74,298,193
1749.jpg,1200,674,Gorila,244,74,888,562
2101.jpg,275,183,Gorila,3,16,265,181
1824.jpg,1024,576,Gorila,120,13,619,576
2028.jpg,1280,720,Gorila,372,13,1120,720
1165.jpg,500,333,Tigre,294,64,500,224
1165.jpg,500,333,Tigre,80,194,243,299
955.jpg,500,375,Tigre,10,33,439,317
2351.jpg,290,174,Gorila,64,10,265,166
778.jpg,1600,1200,Tigre,406,101,1506,1148
2719.jpg,3296,2472,Jorge,1018,926,1518,1326
2092.jpg,381,254,Gorila,1,2,219,247
710.jpg,500,333,Tigre,242,41,496,280
710.jpg,500,333,Tigre,20,25,211,276
2175.jpg,640,360,Gorila,153,13,633,360
2135.jpg,206,245,Gorila,12,10,200,230
112.jpg,174,217,Tigre,5,5,167,215
2274.jpg,275,183,Gorila,62,47,266,183
1088.jpg,500,333,Tigre,109,1,403,288
2161.jpg,275,183,Gorila,20,4,266,183
1709.jpg,1024,683,Gorila,153,21,1009,660
1075.jpg,500,199,Tigre,89,67,272,134
2393.jpg,275,183,Gorila,43,10,215,183
1988.jpg,630,420,Gorila,78,21,613,420
1788.jpg,507,338,Gorila,120,40,349,221
906.jpg,375,500,Tigre,39,22,279,466
538.jpg,500,332,Tigre,74,8,485,316
612.jpg,640,410,Tigre,41,64,604,343
2708.jpg,3296,2472,Jorge,2378,906,3296,2023
823.jpg,397,500,Tigre,16,33,372,430
1894.jpg,1345,2191,Gorila,76,113,1261,2134
1210.jpg,332,500,Tigre,4,11,326,437
1111.jpg,500,375,Tigre,92,102,359,247
1782.jpg,1279,720,Gorila,699,33,1261,720
1782.jpg,1279,720,Gorila,12,26,646,713
1828.jpg,275,183,Gorila,42,34,267,183
1897.jpg,683,1024,Gorila,48,52,636,1024
1285.jpg,500,333,Tigre,124,25,375,298
1879.jpg,225,225,Gorila,4,7,214,225
1913.jpg,800,533,Gorila,192,29,542,521
1777.jpeg,640,706,Gorila,1,6,640,705
1234.jpg,500,411,Tigre,38,47,473,352
843.jpg,420,263,Tigre,68,34,368,240
2178.jpg,183,275,Gorila,10,4,165,253
1955.jpg,624,351,Gorila,6,20,541,351
1994.jpg,259,194,Gorila,32,3,203,194
2110.jpg,648,431,Gorila,18,9,504,430
1206.jpg,400,500,Tigre,17,8,379,437
2070.jpg,644,483,Gorila,82,8,568,463
2108.jpg,800,498,Gorila,225,23,675,436
742.jpg,170,127,Tigre,56,11,93,116
2803.jpg,2576,1932,Jorge,437,658,1237,1530
1092.jpg,500,333,Tigre,4,53,393,269
1873.jpg,580,330,Gorila,119,8,570,329
1986.jpg,800,500,Gorila,21,12,784,500
2793.jpg,2576,1932,Jorge,609,873,1252,1730
2113.jpg,540,689,Gorila,31,17,503,689
1258.jpg,341,400,Tigre,48,30,319,355
2286.jpg,640,480,Gorila,407,73,627,413
2286.jpg,640,480,Gorila,260,123,413,360
2397.jpg,750,560,Gorila,45,134,441,530
2397.jpg,750,560,Gorila,193,46,453,306
2341.jpg,1600,900,Gorila,125,16,1401,900
1141.jpg,500,390,Tigre,35,29,485,372
1733.jpg,880,495,Gorila,23,2,590,487
1819.jpg,767,431,Gorila,435,95,723,379
39.jpg,499,500,Tigre,53,29,404,473
145.jpg,500,500,Tigre,37,61,462,382
2718.jpg,4032,3024,Jorge,728,624,1603,1749
1751.jpg,1200,630,Gorila,169,8,956,615
2349.jpg,600,600,Gorila,28,65,431,549
1076.jpg,500,338,Tigre,79,14,489,324
2186.jpg,250,350,Gorila,1,30,239,348
1701.jpg,600,681,Gorila,38,6,591,675
888.jpg,655,600,Tigre,227,71,614,494
2497.jpg,320,246,Gorila,117,9,242,212
723.jpg,500,397,Tigre,6,15,491,379
1784.jpg,800,600,Gorila,4,16,658,583
2707.jpg,4032,3024,Jorge,228,1224,928,1749
802.jpg,500,334,Tigre,131,38,485,283
904.jpg,500,330,Tigre,75,76,420,218
1852.jpg,300,168,Gorila,16,2,197,165
1985.jpg,729,425,Gorila,102,22,705,425
382.jpg,420,285,Tigre,136,86,265,226
1010.jpg,500,375,Tigre,24,53,500,338
1717.jpg,640,425,Gorila,200,22,593,385
1192.jpg,500,334,Tigre,146,96,343,263
2329.jpg,296,170,Gorila,3,11,283,170
347.jpg,300,300,Tigre,24,32,281,167
2284.jpg,448,336,Gorila,152,101,408,308
2035.jpg,280,180,Gorila,3,4,190,180
1781.jpg,840,788,Gorila,71,28,826,742
1989.jpg,260,194,Gorila,65,33,232,194
364.jpg,271,500,Tigre,4,21,222,413
470.jpg,500,357,Tigre,63,43,488,357
2503.jpg,1200,900,Gorila,869,200,1150,506
2503.jpg,1200,900,Gorila,606,300,775,456
2503.jpg,1200,900,Gorila,106,125,375,375
2503.jpg,1200,900,Gorila,694,543,825,706
1831.jpg,980,563,Gorila,50,36,903,552
2692.jpg,3296,2472,Jorge,1338,6,2738,906
1956.jpg,539,360,Gorila,133,15,534,360
308.jpg,333,500,Tigre,14,5,277,359
2157.jpg,289,174,Gorila,46,4,217,174
2688.jpg,3296,2472,Jorge,1898,1086,2878,2146
2464.jpg,722,454,Gorila,278,55,589,401
2426.jpg,980,552,Gorila,534,205,813,500
2426.jpg,980,552,Gorila,276,294,540,442
527.jpg,380,264,Tigre,52,20,310,241
2369.jpg,225,225,Gorila,27,19,185,202
2133.jpg,227,222,Gorila,12,10,213,222
2146.jpg,275,183,Gorila,33,16,213,179
2335.jpg,1280,720,Gorila,367,146,907,619
504.jpg,500,375,Tigre,9,131,326,301
2368.jpg,269,188,Gorila,40,4,202,183
1164.jpg,346,500,Tigre,29,30,299,464
2434.jpg,464,362,Gorila,114,119,423,346
68.jpg,500,375,Tigre,45,49,347,346
1969.jpg,750,400,Gorila,209,30,593,386
2049.jpg,236,384,Gorila,7,12,227,364
873.jpg,1280,1024,Tigre,52,237,1212,809
2701.jpg,3296,2472,Jorge,1978,1506,3278,2386
166.jpg,334,500,Tigre,10,13,325,431
2421.jpg,960,540,Gorila,260,75,760,515
1836.jpg,1024,681,Gorila,293,131,759,681
701.jpg,500,333,Tigre,48,88,455,302
2209.jpg,293,172,Gorila,79,7,288,172
2218.jpg,300,168,Gorila,48,18,230,166
2203.jpg,1200,675,Gorila,244,38,1098,675
351.jpg,144,216,Tigre,16,43,115,148
2327.jpg,100,100,Gorila,10,2,93,98
1739.jpg,310,163,Gorila,79,5,290,161
2493.jpg,800,511,Gorila,271,39,542,426
933.jpg,500,375,Tigre,69,3,495,363
1923.jpg,745,497,Gorila,36,10,550,497
2211.jpg,290,174,Gorila,64,9,276,174
1769.jpg,568,353,Gorila,264,23,557,353
2055.jpg,1200,628,Gorila,456,1,969,626
1018.jpg,363,500,Tigre,72,46,331,457
755.jpg,300,200,Tigre,110,93,239,166
2265.jpg,300,168,Gorila,13,37,145,152
2265.jpg,300,168,Gorila,158,16,222,81
2265.jpg,300,168,Gorila,233,21,278,90
1975.jpg,183,276,Gorila,9,9,169,265
2167.jpg,800,533,Gorila,58,100,342,396
2167.jpg,800,533,Gorila,404,112,763,416
1204.jpg,333,500,Tigre,99,208,259,481
2415.jpg,682,1024,Gorila,6,6,670,988
49.jpg,500,375,Tigre,25,108,411,317
1244.jpg,500,333,Tigre,116,58,460,265
821.jpg,500,334,Tigre,272,114,321,183
985.jpg,255,381,Tigre,13,21,203,340
1990.jpg,201,250,Gorila,5,16,200,247
172.jpg,500,375,Tigre,14,4,454,343
2412.jpg,1600,1030,Gorila,250,206,958,906
2412.jpg,1600,1030,Gorila,1033,23,1575,873
2797.jpg,2576,1932,Jorge,552,801,1266,1715
1262.jpg,507,720,Tigre,59,14,403,700
2352.jpg,300,168,Gorila,144,9,294,163
1168.jpg,500,485,Tigre,60,61,488,473
1775.jpg,750,560,Gorila,182,70,665,560
2384.jpg,480,360,Gorila,50,55,333,313
1747.jpg,1080,709,Gorila,78,22,1062,709
2346.jpg,660,435,Gorila,1,105,217,349
2720.jpg,3296,2472,Jorge,558,426,1458,1786
2271.jpg,176,287,Gorila,1,1,171,282
571.jpg,470,351,Tigre,179,68,435,320
201.jpg,399,600,Tigre,25,248,141,439
683.jpg,500,333,Tigre,55,12,463,319
1049.jpg,500,361,Tigre,128,49,348,323
2372.jpg,290,174,Gorila,45,15,211,162
1941.jpg,275,183,Gorila,103,41,225,170
750.jpg,425,278,Tigre,147,95,358,263
581.jpg,449,500,Tigre,77,1,392,470
1232.jpg,500,375,Tigre,102,5,420,217
2498.jpg,2560,1600,Gorila,915,635,1515,1507
127.jpg,500,290,Tigre,348,143,495,252
2483.jpg,276,183,Gorila,71,18,271,178
246.jpg,533,800,Tigre,122,108,385,779
1874.jpg,750,422,Gorila,381,5,737,422
2366.jpg,235,214,Gorila,16,11,221,208
2102.jpg,485,640,Gorila,12,74,464,595
2009.jpg,225,225,Gorila,31,43,214,225
2219.jpg,500,280,Gorila,72,22,279,280
332.jpg,400,300,Tigre,28,79,185,212
332.jpg,400,300,Tigre,189,97,369,233
2520.jpg,1049,655,Gorila,476,168,654,346
1946.jpg,1000,667,Gorila,260,35,972,666
2751.jpg,960,1280,Jorge,575,340,835,650
2748.jpeg,3296,1854,Jorge,1358,777,2038,1657
1159.jpg,500,318,Tigre,214,47,366,193
1223.jpg,500,334,Tigre,155,90,273,257
2417.jpg,700,394,Gorila,179,24,652,394
681.jpg,200,139,Tigre,46,24,177,87
840.jpg,267,350,Tigre,19,24,267,250
1768.jpg,1000,536,Gorila,260,34,771,528
1728.jpg,1333,2000,Gorila,5,68,1313,1946
2383.jpg,1200,558,Gorila,38,16,727,558
1938.jpg,273,185,Gorila,44,10,229,185
605.jpg,333,500,Tigre,47,71,294,434
835.jpg,500,333,Tigre,11,68,307,238
2760.jpeg,2880,1620,Jorge,81,201,2048,1434
215.jpg,333,500,Tigre,32,114,268,344
293.jpg,333,500,Tigre,92,19,261,455
846.jpg,500,411,Tigre,71,31,432,400
2312.jpg,286,176,Gorila,39,22,230,159
1119.jpg,500,443,Tigre,4,129,275,307
1119.jpg,500,443,Tigre,285,178,500,295
1783.jpg,1100,619,Gorila,583,48,953,618
1783.jpg,1100,619,Gorila,376,24,564,448
2270.jpg,320,158,Gorila,22,3,300,147
2398.jpg,1280,720,Gorila,313,33,973,706
1958.jpg,630,421,Gorila,19,38,333,341
1826.jpg,275,183,Gorila,26,61,178,174
2321.jpg,793,528,Gorila,173,45,673,470
2025.jpg,1200,800,Gorila,233,143,956,800
210.jpg,300,200,Tigre,116,21,289,126
947.jpg,500,333,Tigre,65,43,413,248
2005.jpg,266,189,Gorila,89,49,200,187
1885.jpg,1600,1067,Gorila,67,124,1558,1049
1765.jpg,723,723,Gorila,121,36,579,636
1729.jpg,1279,719,Gorila,566,33,1092,659
2454.jpg,1200,674,Gorila,225,18,862,674
2682.jpg,3296,2472,Jorge,98,1126,758,1806
508.jpg,438,500,Tigre,73,37,307,415
1795.jpg,1280,720,Gorila,607,66,987,479
275.jpg,381,255,Tigre,48,23,326,224
1917.jpg,656,370,Gorila,188,117,433,370
2137.jpg,900,600,Gorila,9,12,885,574
1918.jpg,530,354,Gorila,5,6,521,336
2299.jpg,291,173,Gorila,53,38,262,148
2205.jpg,300,168,Gorila,58,4,245,157
1921.jpg,1200,1600,Gorila,163,406,969,1437
2319.jpg,580,300,Gorila,135,5,455,300
2314.jpg,2560,1600,Gorila,458,207,1972,1592
2091.jpg,1200,857,Gorila,56,72,1156,797
1791.jpg,259,194,Gorila,41,3,257,194
2130.jpg,800,1231,Gorila,133,40,692,1186
2031.jpg,196,257,Gorila,12,7,181,242
2399.jpg,1280,720,Gorila,353,179,880,613
2419.jpg,297,475,Gorila,22,76,283,423
1849.jpg,208,242,Gorila,2,4,203,229
1218.jpg,500,387,Tigre,211,61,480,369
1218.jpg,500,387,Tigre,17,73,186,364
869.jpg,500,375,Tigre,20,11,489,354
2306.jpg,211,239,Gorila,11,9,208,239
2103.jpg,275,183,Gorila,68,6,245,183
757.jpg,502,333,Tigre,39,56,477,284
978.jpg,500,333,Tigre,131,37,453,282
2453.jpg,2288,1712,Gorila,425,75,2100,1675
1847.jpg,1200,800,Gorila,104,31,1169,800
743.jpg,500,333,Tigre,89,101,463,273
764.jpg,500,465,Tigre,84,44,475,414
1002.jpg,500,375,Tigre,81,6,461,366
501.jpg,434,601,Tigre,109,148,417,467
621.jpg,334,500,Tigre,26,64,323,416
1160.jpg,500,333,Tigre,6,5,394,303
2739.jpg,4032,3024,Jorge,1328,24,2378,1099
2095.jpg,634,951,Gorila,8,40,601,870
63.jpg,153,149,Tigre,12,13,138,134
2308.jpg,177,284,Gorila,22,54,142,229
2289.jpg,768,512,Gorila,176,112,748,512
248.jpg,500,375,Tigre,84,10,400,281
1832.jpg,470,313,Gorila,248,78,470,307
1832.jpg,470,313,Gorila,23,17,211,263
1067.jpg,500,419,Tigre,184,97,458,316
1067.jpg,500,419,Tigre,118,175,215,317
2100.jpg,1024,683,Gorila,331,60,1020,644
2032.jpg,272,185,Gorila,43,4,230,185
2360.jpg,220,223,Gorila,23,19,210,213
1779.jpg,1200,675,Gorila,204,25,1031,675
1762.jpg,1200,675,Gorila,250,75,1090,675
408.jpg,381,253,Tigre,68,94,257,183
395.jpg,500,375,Tigre,57,101,459,311
2331.jpg,275,183,Gorila,50,9,238,183
1742.jpg,750,560,Gorila,245,6,621,530
1742.jpg,750,560,Gorila,101,158,209,354
1252.jpg,375,500,Tigre,8,6,365,430
887.jpg,500,375,Tigre,59,52,498,314
410.jpg,336,500,Tigre,6,274,252,493
2500.jpg,2560,1600,Gorila,855,478,2015,1600
1263.jpg,500,345,Tigre,113,15,471,345
2162.jpg,235,214,Gorila,39,6,232,212
2448.jpg,1280,720,Gorila,167,59,725,720
133.jpg,500,375,Tigre,156,71,339,352
2706.jpg,4032,3024,Jorge,28,1174,803,1849
2019.jpg,275,183,Gorila,78,17,246,150
606.jpg,500,333,Tigre,83,64,209,217
2428.jpg,980,563,Gorila,198,47,708,389
1776.jpg,890,395,Gorila,69,4,785,394
1807.jpg,780,438,Gorila,163,54,513,379
1861.jpg,1200,675,Gorila,288,13,1112,675
2302.jpg,275,183,Gorila,92,23,186,167
1869.jpg,188,268,Gorila,1,73,173,239
2721.jpg,3296,2472,Jorge,1358,1806,2040,2472
2287.jpg,220,330,Gorila,2,53,213,302
2439.jpg,660,435,Gorila,1,111,214,342
2026.jpg,278,181,Gorila,86,16,270,181
2026.jpg,278,181,Gorila,3,22,105,131
2116.jpg,1100,700,Gorila,194,23,1055,699
656.jpg,344,500,Tigre,12,13,332,393
1207.jpg,500,375,Tigre,59,19,482,352
2406.jpg,768,512,Gorila,184,132,613,512
2482.jpg,300,168,Gorila,111,27,236,166
2357.jpg,329,153,Gorila,11,1,310,153
123.jpg,500,403,Tigre,71,114,463,355
2386.jpg,300,168,Gorila,58,29,228,135
1890.jpg,259,194,Gorila,75,24,187,180
546.jpg,333,500,Tigre,35,63,301,400
2395.jpg,286,176,Gorila,44,19,230,149
455.jpg,500,500,Tigre,110,68,486,413
2390.jpg,194,259,Gorila,26,81,187,195
2804.jpg,2576,1932,Jorge,609,858,1323,1744
2304.jpg,275,183,Gorila,15,4,264,183
473.jpg,500,343,Tigre,41,60,435,270
2229.jpg,480,360,Gorila,33,43,430,308
2354.jpg,259,194,Gorila,19,2,250,191
2208.jpg,300,168,Gorila,17,6,294,168
1974.jpg,960,640,Gorila,355,70,775,565
556.jpg,420,276,Tigre,128,52,308,225
655.jpg,500,333,Tigre,23,5,434,308
1193.jpg,500,333,Tigre,87,27,424,312
388.jpg,486,324,Tigre,264,84,458,198
613.jpg,320,240,Tigre,36,34,307,181
2441.jpg,1531,1893,Gorila,69,175,1311,1850
2396.jpg,1280,847,Gorila,167,3,957,846
1901.jpg,2560,1707,Gorila,401,132,2366,1706
2120.jpg,259,194,Gorila,19,5,217,194
1855.jpg,300,168,Gorila,48,2,286,168
297.jpg,500,355,Tigre,123,14,465,331
445.jpg,526,320,Tigre,57,34,435,286
445.jpg,526,320,Tigre,171,142,330,284
2099.jpg,1024,683,Gorila,48,71,848,649
1868.jpg,1200,630,Gorila,214,40,1125,630
2457.jpg,655,368,Gorila,84,20,495,365
853.jpg,381,253,Tigre,38,98,238,212
695.jpg,500,334,Tigre,145,106,306,218
2710.jpg,3296,2472,Jorge,1038,626,1698,1366
801.jpg,500,375,Tigre,69,48,334,293
983.jpg,333,500,Tigre,12,6,321,446
2326.jpg,312,161,Gorila,60,3,242,159
935.jpg,500,375,Tigre,104,37,444,319
2705.jpg,3296,2472,Jorge,1858,1206,2438,1766
299.jpg,343,500,Tigre,32,45,291,430
2370.jpg,284,177,Gorila,62,18,232,160
1959.jpg,1536,2048,Gorila,247,611,1522,1527
75.jpg,500,375,Tigre,22,18,450,265
1282.jpg,500,375,Tigre,123,110,453,280
1702.jpg,1600,900,Gorila,650,25,1419,900
1142.jpg,500,375,Tigre,82,11,439,372
2691.jpg,3296,2472,Jorge,1338,6,2738,766
2488.jpg,296,170,Gorila,72,17,194,101
2020.jpg,183,276,Gorila,28,21,182,270
2512.jpg,1024,682,Gorila,603,60,781,244
2512.jpg,1024,682,Gorila,475,132,609,238
2512.jpg,1024,682,Gorila,409,205,520,305
2761.jpeg,3296,1854,Jorge,2238,717,2798,1357
2126.jpg,262,192,Gorila,4,9,199,190
2786.jpeg,2880,1620,Jorge,1,358,1015,951
478.jpg,256,171,Tigre,64,49,243,128
984.jpg,500,384,Tigre,20,16,371,375
2460.jpg,478,270,Gorila,6,1,470,264
106.jpg,500,375,Tigre,233,182,447,274
615.jpg,200,200,Tigre,35,60,162,133
836.jpg,333,427,Tigre,30,15,307,387
2280.jpg,1280,720,Gorila,253,13,1198,720
2334.jpg,276,183,Gorila,31,2,213,183
2081.jpg,183,275,Gorila,1,18,175,274
1761.jpg,1248,770,Gorila,647,81,1080,674
707.jpg,350,264,Tigre,71,97,279,185
1714.jpg,800,480,Gorila,183,35,710,480
1802.jpg,992,558,Gorila,14,18,972,534
982.jpg,500,371,Tigre,144,92,267,252
168.jpg,500,375,Tigre,17,32,325,261
2359.jpg,275,183,Gorila,66,4,250,147
1987.jpg,285,177,Gorila,32,14,229,177
2060.jpg,290,174,Gorila,86,16,282,174
822.jpg,500,371,Tigre,70,10,462,338
303.jpg,500,401,Tigre,59,32,465,351
911.jpg,500,400,Tigre,8,48,444,364
820.jpg,500,464,Tigre,21,1,470,457
1026.jpg,375,500,Tigre,41,30,324,442
2740.jpg,4032,3024,Jorge,1378,324,2428,1374
339.jpg,200,133,Tigre,43,20,190,115
2122.jpg,1280,720,Gorila,327,6,1280,667
1070.jpg,500,333,Tigre,217,19,479,295
2234.jpg,1200,640,Gorila,556,82,913,476
2234.jpg,1200,640,Gorila,363,120,531,470
2234.jpg,1200,640,Gorila,6,38,362,640
71.jpg,333,500,Tigre,49,194,326,405
878.jpg,500,333,Tigre,109,46,399,315
1790.jpg,1000,590,Gorila,234,24,829,540
2263.jpg,309,163,Gorila,6,3,289,163
2371.jpg,300,168,Gorila,77,7,226,168
1190.jpg,428,500,Tigre,11,21,428,489
901.jpg,500,336,Tigre,286,64,419,179
901.jpg,500,336,Tigre,19,150,255,269
82.jpg,500,333,Tigre,16,42,325,317
2200.jpg,1805,2048,Gorila,67,79,1767,2029
1957.jpg,640,396,Gorila,217,51,540,358
782.jpg,500,332,Tigre,10,12,382,319
946.jpg,500,375,Tigre,260,103,405,208
1936.jpg,223,226,Gorila,22,11,213,221
2191.jpg,342,429,Gorila,3,12,329,429
2343.jpg,300,225,Gorila,24,2,289,225
1926.jpg,461,420,Gorila,39,16,438,420
1900.jpg,267,189,Gorila,4,1,260,189
1809.jpg,1200,674,Gorila,256,5,831,662
1694.jpg,360,450,Gorila,14,18,359,446
1266.jpg,500,500,Tigre,326,36,484,473
1266.jpg,500,500,Tigre,3,217,275,473
1266.jpg,500,500,Tigre,132,7,372,449
842.jpg,500,492,Tigre,69,30,478,444
1718.jpg,980,552,Gorila,13,5,508,531
2224.jpg,275,183,Gorila,58,24,218,183
876.jpg,500,489,Tigre,55,36,462,418
2196.jpg,460,258,Gorila,163,47,407,255
514.jpg,500,250,Tigre,73,44,467,242
2463.jpg,800,600,Gorila,162,24,742,600
1115.jpg,500,333,Tigre,107,63,493,332
1222.jpg,500,345,Tigre,7,7,380,339
2164.jpg,275,183,Gorila,32,19,275,181
1839.jpg,683,1024,Gorila,31,156,668,1024
2461.jpg,800,487,Gorila,71,35,792,468
531.jpg,500,352,Tigre,142,114,233,199
2807.jpg,2576,1932,Jorge,452,901,1125,1932
2479.jpg,262,193,Gorila,25,12,201,132
1780.jpg,800,747,Gorila,38,11,725,715
1778.jpeg,2405,1500,Gorila,425,138,1500,1288
560.jpg,500,375,Tigre,38,121,344,324
1755.jpg,357,450,Gorila,18,10,306,445
837.jpg,500,375,Tigre,115,101,363,268
2325.jpg,259,194,Gorila,19,36,171,182
2159.jpg,289,174,Gorila,76,4,228,174
357.jpg,500,350,Tigre,83,74,430,261
1796.jpg,720,400,Gorila,1,5,715,393
1908.jpg,750,375,Gorila,14,5,549,375
1269.jpg,500,332,Tigre,90,62,376,301
2437.jpg,464,312,Gorila,33,86,175,262
2437.jpg,464,312,Gorila,211,145,392,311
1738.jpg,720,460,Gorila,134,66,600,460
2687.jpg,3296,2472,Jorge,1478,146,2578,1806
601.jpg,500,333,Tigre,7,35,329,311
1743.jpg,1200,628,Gorila,119,14,1163,614
1706.jpg,768,506,Gorila,104,33,672,497
1080.jpg,500,357,Tigre,69,194,441,330
1080.jpg,500,357,Tigre,413,45,496,104
2296.jpg,275,183,Gorila,70,13,242,173
1931.jpg,836,441,Gorila,139,7,660,441
2432.jpg,660,435,Gorila,145,77,614,435
1929.jpg,666,500,Gorila,149,48,527,500
630.jpg,500,471,Tigre,157,62,487,348
630.jpg,500,471,Tigre,46,119,192,249
1226.jpg,500,325,Tigre,51,15,334,280
1848.jpg,1024,523,Gorila,14,8,1017,523
2068.jpg,209,241,Gorila,52,50,209,216
1945.jpg,273,185,Gorila,36,4,239,185
2258.jpg,1279,740,Gorila,177,36,1112,740
1723.png,600,400,Gorila,113,9,484,396
2730.jpg,3296,2472,Jorge,78,226,2378,1966
2495.jpg,800,480,Gorila,308,98,513,377
1220.jpg,500,329,Tigre,54,6,356,318
1753.jpg,275,183,Gorila,4,4,253,183
912.jpg,375,500,Tigre,30,30,368,366
2256.jpg,259,194,Gorila,14,24,242,168
245.jpg,500,398,Tigre,55,76,485,392
1744.jpg,275,184,Gorila,58,23,192,167
2290.jpg,1033,688,Gorila,24,13,1028,688
2401.jpg,1280,720,Gorila,340,19,1047,693
4.jpg,500,333,Tigre,30,23,471,302
1131.jpg,500,390,Tigre,103,10,383,273
2006.jpg,1200,800,Gorila,413,218,913,700
2733.jpg,3296,2472,Jorge,1278,366,2538,1626
164.jpg,500,333,Tigre,19,8,462,280
2036.jpg,506,338,Gorila,5,6,468,332
2111.jpg,271,186,Gorila,8,24,265,181
2416.jpg,730,411,Gorila,235,96,505,353
198.jpg,500,375,Tigre,215,119,393,274
198.jpg,500,375,Tigre,34,109,241,339
1844.jpg,987,555,Gorila,201,32,964,522
2507.jpg,2560,1600,Gorila,829,221,1501,907
533.jpg,500,500,Tigre,93,131,242,396
533.jpg,500,500,Tigre,274,133,404,254
533.jpg,500,500,Tigre,282,58,414,163
2045.jpg,275,183,Gorila,8,13,262,179
2210.jpg,310,162,Gorila,98,10,224,158
173.jpg,225,275,Tigre,49,91,166,235
1920.jpg,211,239,Gorila,13,2,204,239
204.jpg,500,375,Tigre,277,117,447,349
204.jpg,500,375,Tigre,2,27,349,184
1928.jpg,427,640,Gorila,31,8,364,582
439.jpg,500,333,Tigre,210,126,348,292
439.jpg,500,333,Tigre,105,88,215,222
439.jpg,500,333,Tigre,14,11,139,118
1854.jpg,450,600,Gorila,16,56,437,589
829.jpg,500,500,Tigre,104,160,384,450
795.jpg,500,334,Tigre,169,65,471,277
2061.jpg,980,735,Gorila,129,38,967,734
2074.jpg,450,560,Gorila,4,14,442,553
1122.jpg,635,422,Tigre,86,40,347,271
1725.jpg,2288,1712,Gorila,450,25,2088,1625
2378.jpg,760,540,Gorila,210,116,426,308
2207.jpg,279,181,Gorila,167,29,260,164
2207.jpg,279,181,Gorila,8,19,101,181
2207.jpg,279,181,Gorila,115,52,169,146
2400.jpg,1280,720,Gorila,280,219,900,659
921.jpg,500,375,Tigre,59,68,443,329
692.jpg,200,212,Tigre,39,25,156,159
1889.jpg,340,256,Gorila,63,21,272,248
832.jpg,500,333,Tigre,94,65,315,322
1053.jpg,375,500,Tigre,28,13,372,470
1698.jpg,1248,698,Gorila,507,18,1227,692
191.jpg,500,343,Tigre,175,20,406,262
278.jpg,180,128,Tigre,82,16,180,111
278.jpg,180,128,Tigre,13,56,84,128
427.jpg,336,500,Tigre,31,210,336,411
427.jpg,336,500,Tigre,25,21,263,243
2456.jpg,1200,900,Gorila,219,18,1163,893
1169.jpg,361,500,Tigre,17,65,359,494
2375.jpg,800,480,Gorila,167,39,771,469
2172.jpg,275,183,Gorila,53,1,221,183
2138.jpg,205,246,Gorila,16,14,181,228
2735.jpg,3296,2472,Jorge,2218,1146,2678,1626
414.jpg,149,100,Tigre,41,23,111,81
539.jpg,500,317,Tigre,173,68,400,230
539.jpg,500,317,Tigre,77,108,168,223
2516.jpg,1280,720,Gorila,135,13,1000,720
2030.jpg,197,256,Gorila,18,10,186,243
2252.jpg,342,429,Gorila,1,9,342,427
2315.jpg,1024,680,Gorila,253,26,997,680
872.jpg,375,500,Tigre,26,37,353,478
716.jpg,500,375,Tigre,72,79,493,312
1185.jpg,500,316,Tigre,25,94,463,300
1185.jpg,500,316,Tigre,188,10,397,170
1949.jpg,300,168,Gorila,83,6,283,168
2486.jpg,327,154,Gorila,63,10,240,149
1766.jpg,1200,800,Gorila,331,43,944,762
1736.jpg,1024,683,Gorila,175,199,503,560
1736.jpg,1024,683,Gorila,620,366,848,549
2438.jpg,464,623,Gorila,197,117,455,583
1774.jpg,225,225,Gorila,2,2,224,222
991.jpg,500,334,Tigre,177,30,452,293
1878.jpg,1271,1080,Gorila,11,116,951,1069
2236.jpg,1300,956,Gorila,446,138,1300,893
2446.jpg,1200,838,Gorila,188,12,913,825
2096.jpg,866,1300,Gorila,21,34,853,1298
2693.jpg,4032,3024,Jorge,78,1424,1777,3024
2377.jpg,800,480,Gorila,133,39,563,435
2093.jpg,1408,940,Gorila,1,35,1138,935
1924.jpg,530,354,Gorila,1,8,521,352
353.jpg,420,367,Tigre,95,86,369,302
2444.jpg,620,388,Gorila,184,87,390,364
2444.jpg,620,388,Gorila,390,106,539,325
1962.jpg,202,250,Gorila,2,18,181,248
217.jpg,593,404,Tigre,186,82,500,309
2202.jpg,464,362,Gorila,53,99,431,329
2476.jpg,312,161,Gorila,71,7,243,158
2435.jpg,464,362,Gorila,31,102,158,229
2435.jpg,464,362,Gorila,123,124,419,360
2505.jpg,480,360,Gorila,30,45,435,315
1984.jpg,1280,720,Gorila,273,33,1087,720
337.jpg,500,333,Tigre,55,102,478,273
2223.jpg,299,169,Gorila,44,10,220,169
1150.jpg,500,333,Tigre,56,55,222,250
2684.jpg,3296,2472,Jorge,138,1306,698,1926
624.jpg,500,500,Tigre,244,266,410,360
2150.jpg,1200,628,Gorila,447,20,950,628
2272.jpg,275,183,Gorila,69,16,242,167
1730.jpg,225,225,Gorila,1,1,221,225
1746.jpg,1299,770,Gorila,203,131,979,770
806.jpg,333,500,Tigre,24,16,331,385
329.jpg,108,108,Tigre,29,9,105,93
264.jpg,500,333,Tigre,20,12,383,322
559.jpg,500,334,Tigre,100,55,416,261
2075.jpg,600,900,Gorila,13,12,450,896
2776.jpeg,3296,1854,Jorge,1138,37,2238,817
205.jpg,333,500,Tigre,72,22,330,460
2182.jpg,275,183,Gorila,49,17,188,167
2697.jpg,3296,2472,Jorge,738,166,1398,1346
2245.jpg,1536,2048,Gorila,147,627,1536,1669
2065.jpg,480,240,Gorila,125,8,388,238
121.jpg,200,147,Tigre,19,14,188,120
121.jpg,200,147,Tigre,91,92,180,140
761.jpg,500,375,Tigre,224,159,434,344
761.jpg,500,375,Tigre,109,108,289,226
2040.jpg,300,168,Gorila,138,6,295,160
2525.jpg,800,533,Gorila,271,129,529,504
825.jpg,500,375,Tigre,62,112,370,220
718.jpg,388,500,Tigre,11,27,330,462
526.jpg,500,316,Tigre,24,66,340,222
526.jpg,500,316,Tigre,346,21,472,172
61.jpg,960,768,Tigre,106,139,735,676
2037.jpg,275,183,Gorila,6,19,180,183
2499.jpg,2560,1707,Gorila,393,118,2286,1707
2403.jpg,1903,1170,Gorila,286,130,1086,950
1721.jpg,1200,630,Gorila,288,96,525,452
1721.jpg,1200,630,Gorila,544,58,713,390
1721.jpg,1200,630,Gorila,113,202,294,452
1721.jpg,1200,630,Gorila,719,152,838,390
2450.jpg,736,1128,Gorila,8,15,733,1128
2713.jpg,3296,2472,Jorge,1378,306,2098,766
1235.jpg,500,313,Tigre,125,49,340,264
1998.jpg,275,183,Gorila,6,7,275,180
2134.jpg,640,480,Gorila,180,30,577,466
1047.jpg,150,100,Tigre,1,1,102,85
1710.jpg,1600,900,Gorila,217,91,1576,900
532.jpg,398,500,Tigre,51,35,369,419
2700.jpg,3296,2472,Jorge,1638,966,2358,2206
2141.jpg,299,168,Gorila,119,1,263,164
826.jpg,500,375,Tigre,12,6,421,371
2226.jpg,226,223,Gorila,14,24,216,213
2044.jpg,1600,900,Gorila,225,8,1558,891
2106.jpg,1000,667,Gorila,339,93,781,657
1904.jpg,294,171,Gorila,18,1,192,170
1904.jpg,294,171,Gorila,198,21,277,156
2779.jpeg,3296,1854,Jorge,1558,77,2518,1137
2316.jpg,696,518,Gorila,155,64,657,518
441.jpg,383,500,Tigre,23,60,348,400
1174.jpg,409,600,Tigre,12,91,395,447
551.jpg,500,375,Tigre,107,67,389,301
2508.jpg,720,720,Gorila,46,77,596,573
535.jpg,500,375,Tigre,184,150,369,279
1136.jpg,334,500,Tigre,19,93,299,463
2330.jpg,300,168,Gorila,86,10,247,157
1981.jpg,318,159,Gorila,1,1,302,157
2008.jpg,276,183,Gorila,77,7,276,178
1152.jpg,500,418,Tigre,214,32,425,286
373.jpg,500,337,Tigre,139,12,448,292
2047.jpg,299,168,Gorila,23,14,246,168
244.jpg,500,333,Tigre,8,104,289,327
2076.jpg,300,168,Gorila,22,7,263,168
1979.jpg,1000,666,Gorila,29,135,960,588
429.jpg,500,466,Tigre,9,83,466,371
2413.jpg,2000,1333,Gorila,138,27,1941,1333
2694.jpg,4032,2268,Jorge,1228,971,2178,1621
2192.jpg,1280,720,Gorila,667,113,1160,599
1916.jpg,1300,835,Gorila,58,6,1260,835
108.jpg,500,333,Tigre,121,133,311,243
2083.jpg,550,825,Gorila,5,149,505,752
22.jpg,500,332,Tigre,228,120,415,273
1867.jpg,183,276,Gorila,6,6,174,251
207.jpg,500,375,Tigre,58,74,459,248
2470.jpg,600,400,Gorila,44,40,391,371
587.jpg,283,164,Tigre,70,41,224,153
1170.jpg,500,375,Tigre,152,80,324,312
2468.jpg,600,600,Gorila,4,56,578,600
816.jpg,500,375,Tigre,60,5,432,353
575.jpg,500,333,Tigre,197,91,491,258
1034.jpg,500,375,Tigre,28,2,487,364
1834.jpg,600,397,Gorila,66,5,450,395
747.jpg,500,375,Tigre,183,67,414,174
1171.jpg,500,333,Tigre,49,79,442,285
668.jpg,350,233,Tigre,122,29,265,130
668.jpg,350,233,Tigre,1,106,116,198
1851.jpg,275,183,Gorila,86,4,235,177
1082.jpg,500,480,Tigre,145,24,500,379
1145.jpg,500,333,Tigre,155,37,412,278
2469.jpg,600,432,Gorila,116,28,441,384
291.jpg,250,168,Tigre,22,19,225,153
2078.jpg,275,183,Gorila,33,30,213,183
2069.jpg,231,218,Gorila,6,12,218,187
2154.jpg,399,640,Gorila,64,109,330,532
2238.jpg,580,300,Gorila,124,11,460,300
2511.jpg,1024,680,Gorila,264,37,1010,680
671.jpg,450,338,Tigre,143,53,312,297
2073.jpeg,400,460,Gorila,108,88,390,415
1871.jpg,745,497,Gorila,218,134,466,466
1871.jpg,745,497,Gorila,478,162,618,422
2112.jpg,1200,628,Gorila,325,39,919,582
2303.jpg,275,183,Gorila,50,6,222,177
966.jpg,299,452,Tigre,59,51,161,183
966.jpg,299,452,Tigre,162,85,266,186
1760.jpg,260,194,Gorila,53,30,257,191
1249.jpg,500,333,Tigre,162,62,488,277
2725.jpg,4032,3024,Jorge,1803,324,2303,949
1147.jpg,500,375,Tigre,40,55,500,304
387.jpg,200,133,Tigre,33,51,121,99
2442.jpg,800,600,Gorila,292,33,683,549
2783.jpg,1170,540,Jorge,551,148,707,366
1789.jpg,793,528,Gorila,119,16,790,520
2128.jpg,1365,1024,Gorila,7,44,1271,1001
1972.jpg,312,500,Gorila,37,83,258,410
990.jpg,500,334,Tigre,200,84,463,232
1225.jpg,500,433,Tigre,45,21,364,354
2509.jpg,710,399,Gorila,132,7,488,396
2247.jpg,480,360,Gorila,90,63,313,273
1077.jpg,500,333,Tigre,97,42,399,302
2338.jpg,644,362,Gorila,38,103,313,362
1862.jpg,600,398,Gorila,144,5,589,398
2514.jpg,1280,711,Gorila,573,89,733,235
2097.jpg,278,181,Gorila,5,7,171,173
2805.jpg,2576,1932,Jorge,1052,944,1680,1873
2063.jpg,786,1024,Gorila,83,64,745,947
2198.jpg,726,482,Gorila,68,73,449,450
827.jpg,500,500,Tigre,175,46,435,236
827.jpg,500,500,Tigre,51,173,265,460
2313.jpg,1200,900,Gorila,81,68,981,831
1817.jpg,259,195,Gorila,22,3,249,190
324.jpg,500,313,Tigre,163,40,497,302
2295.jpg,194,259,Gorila,21,28,176,243
1700.jpg,300,225,Gorila,3,10,291,219
2115.jpg,265,190,Gorila,48,16,216,164
2225.jpg,194,259,Gorila,18,75,189,205
1240.jpg,750,485,Tigre,49,131,725,471
2723.jpg,3296,2472,Jorge,1378,1786,2078,2446
2170.jpg,300,168,Gorila,95,24,195,134
2170.jpg,300,168,w,3,29,88,166
2170.jpg,300,168,w,239,63,283,127
436.jpg,500,347,Tigre,199,74,341,268
2689.jpg,3296,2472,Jorge,1878,1126,2858,2026
1138.jpg,500,375,Tigre,200,90,314,283
1023.jpg,500,375,Tigre,17,41,362,269
2233.jpg,1200,625,Gorila,19,19,569,625
2233.jpg,1200,625,Gorila,625,69,988,575
2233.jpg,1200,625,Gorila,1025,188,1200,452
2129.jpg,182,276,Gorila,32,23,149,273
2195.jpg,300,225,Gorila,6,5,289,225
2729.jpg,3296,2472,Jorge,1238,1126,1778,1966
2148.jpg,1200,628,Gorila,469,7,956,614
228.jpg,500,321,Tigre,1,110,486,300
1893.jpg,194,259,Gorila,10,36,164,248
686.jpg,500,376,Tigre,51,47,295,261
2140.jpg,275,183,Gorila,129,21,258,171
1724.jpg,275,183,Gorila,9,21,248,181
64.jpg,500,333,Tigre,273,162,389,333
64.jpg,500,333,Tigre,10,31,273,283
932.jpg,500,375,Tigre,56,21,483,337
645.jpg,500,288,Tigre,303,133,444,213
645.jpg,500,288,Tigre,108,100,300,180
1003.jpg,500,333,Tigre,188,94,307,309
1003.jpg,500,333,Tigre,121,178,217,311
1003.jpg,500,333,Tigre,34,177,125,292
1773.jpg,620,349,Gorila,203,61,368,323
1271.jpg,500,333,Tigre,212,40,340,218
2728.jpg,3296,2472,Jorge,1178,1146,1738,1926
2023.jpg,300,168,Gorila,108,24,222,162
1825.jpg,1280,720,Gorila,1,13,740,686
2528.jpg,500,333,Gorila,98,18,387,328
2201.jpg,1600,900,Gorila,83,1,1499,899
1758.jpg,186,272,Gorila,1,1,164,269
2291.jpg,980,655,Gorila,303,56,703,572
2077.jpg,1017,626,Gorila,166,10,827,616
2387.jpg,300,168,Gorila,83,32,208,143
2.jpg,397,490,Tigre,35,8,385,462
2504.jpg,800,600,Gorila,75,174,313,433
2504.jpg,800,600,Gorila,350,74,546,299
1247.jpg,500,375,Tigre,318,50,468,222
1247.jpg,500,375,Tigre,2,58,247,262
2241.jpg,456,336,Gorila,6,10,449,322
1216.jpg,500,375,Tigre,99,104,406,337
1216.jpg,500,375,Tigre,81,33,254,167
2709.jpg,3296,2472,Jorge,2458,1026,3296,2046
1912.jpg,612,408,Gorila,202,5,558,408
2242.jpg,640,360,Gorila,3,10,250,356
2242.jpg,640,360,Gorila,270,136,477,350
287.jpg,500,358,Tigre,39,8,489,336
1842.jpg,765,510,Gorila,24,9,758,510
1708.jpg,1201,740,Gorila,350,32,788,720
2024.jpg,620,418,Gorila,230,11,558,418
247.jpg,500,333,Tigre,28,81,377,286
2356.jpg,275,183,Gorila,68,17,239,164
149.jpg,500,337,Tigre,124,144,421,272
1257.jpg,332,500,Tigre,4,10,331,481
1966.jpg,378,454,Gorila,3,13,376,454
2333.jpg,225,225,Gorila,59,67,135,129
2333.jpg,225,225,Gorila,132,98,202,181
2333.jpg,225,225,Gorila,145,60,218,109
1754.jpg,246,205,Gorila,5,2,241,204
1792.jpeg,449,220,Gorila,40,9,387,197
2367.jpg,194,259,Gorila,19,25,176,247
34.jpg,800,800,Tigre,65,92,701,728
1798.jpg,900,600,Gorila,357,64,662,536
1977.jpg,1024,768,Gorila,66,92,970,768
2324.jpg,275,183,Gorila,148,4,259,146
1127.jpg,500,375,Tigre,100,45,439,330
643.jpg,245,381,Tigre,40,51,222,326
900.jpg,500,375,Tigre,46,182,421,375
900.jpg,500,375,Tigre,188,95,456,184
2320.jpg,472,299,Gorila,20,8,425,293
18.jpg,500,448,Tigre,197,33,500,364
2152.jpg,1600,1067,Gorila,275,208,992,949
93.jpg,1008,1304,Tigre,58,136,426,528
93.jpg,1008,1304,Tigre,706,391,988,544
2114.jpg,640,583,Gorila,3,24,627,581
847.jpg,500,333,Tigre,53,81,461,300
195.jpg,500,333,Tigre,23,105,230,312
195.jpg,500,333,Tigre,225,77,468,323
2118.jpg,1200,797,Gorila,69,17,1200,761
2737.jpg,4032,3024,Jorge,478,1074,2078,2174
1759.jpg,644,362,Gorila,52,10,616,362
2199.jpg,980,563,Gorila,182,31,755,520
2054.jpg,1024,678,Gorila,309,175,781,497
105.jpg,800,600,Tigre,252,50,614,555
2472.jpg,300,168,Gorila,52,9,206,163
2467.jpg,1024,768,Gorila,187,98,925,698
938.jpg,500,383,Tigre,59,28,482,349
1106.jpg,500,470,Tigre,121,18,489,401
2782.jpg,959,1280,Jorge,609,160,869,520
696.jpg,500,333,Tigre,43,132,404,333
2151.jpg,275,183,Gorila,43,24,213,170
2189.jpg,1104,622,Gorila,419,72,972,619
2305.jpg,259,194,Gorila,42,2,248,194
2018.jpg,350,250,Gorila,49,6,275,250
1089.jpg,500,270,Tigre,238,86,477,233
1089.jpg,500,270,Tigre,90,76,244,226
197.jpg,157,200,Tigre,12,11,142,178
2526.jpg,800,480,Gorila,133,44,567,448
1973.jpg,400,265,Gorila,106,51,283,236
2059.jpg,328,154,Gorila,115,1,323,154
1850.jpg,750,430,Gorila,160,13,669,430
1882.jpg,298,169,Gorila,87,2,197,163
1971.jpg,194,260,Gorila,21,39,187,238
349.jpg,500,334,Tigre,12,17,404,334
2043.jpg,278,182,Gorila,18,11,270,182
749.jpg,500,375,Tigre,143,88,380,283
2745.jpg,412,342,Jorge,168,39,283,204
2259.jpg,275,183,Gorila,149,24,265,183
2259.jpg,275,183,Gorila,19,16,142,183
1915.jpg,276,183,Gorila,5,13,225,183
2051.jpg,602,401,Gorila,65,16,450,401
1888.jpg,301,167,Gorila,83,28,244,151
1254.jpg,500,329,Tigre,11,7,476,326
1980.jpg,900,600,Gorila,138,7,838,569
375.jpg,180,181,Tigre,24,36,136,150
340.jpg,500,333,Tigre,43,9,221,276
603.jpg,500,375,Tigre,165,88,375,254
603.jpg,500,375,Tigre,46,197,349,364
2407.jpg,768,513,Gorila,172,124,600,496
1109.jpg,500,375,Tigre,189,200,467,328
1722.jpg,1536,2048,Gorila,155,544,1464,1686
2712.jpg,3296,2472,Jorge,1358,346,2018,706
970.jpg,500,375,Tigre,241,163,346,274
970.jpg,500,375,Tigre,86,155,219,311
2342.jpg,220,330,Gorila,1,56,218,297
381.jpg,331,500,Tigre,5,136,307,394
334.jpg,381,253,Tigre,119,37,330,104
334.jpg,381,253,Tigre,35,103,245,206
2440.jpg,1200,674,Gorila,250,124,919,587
2056.jpg,290,174,Gorila,26,6,167,174
2056.jpg,290,174,Gorila,203,6,286,80
2056.jpg,290,174,Gorila,195,92,290,165
886.jpg,500,332,Tigre,44,9,372,267
2174.jpg,279,180,Gorila,182,52,279,171
2174.jpg,279,180,Gorila,8,46,98,164
2747.jpeg,3296,1854,Jorge,1238,857,1818,1677
885.jpg,500,333,Tigre,102,97,352,304
2452.jpg,850,842,Gorila,40,96,785,842
2802.jpg,2576,1932,Jorge,352,544,1066,1558
1239.jpg,500,458,Tigre,51,20,415,455
2132.jpg,290,174,Gorila,56,1,287,174
2213.jpg,300,168,Gorila,58,2,277,168
2492.jpg,300,225,Gorila,77,38,211,207
2255.jpg,225,225,Gorila,29,22,218,225
2071.jpg,184,274,Gorila,30,7,156,271
2424.jpg,720,377,Gorila,226,17,492,377
929.jpg,500,332,Tigre,186,35,430,250
1050.jpg,500,375,Tigre,71,52,494,294
2143.jpg,278,181,Gorila,74,4,266,181
1031.jpg,500,333,Tigre,98,32,466,244
704.jpg,400,267,Tigre,87,20,394,219
1711.jpg,746,498,Gorila,75,11,746,493
2775.jpg,1056,784,Jorge,308,50,553,300
1097.jpg,500,333,Tigre,97,75,470,302
720.jpg,500,357,Tigre,102,67,443,273
2275.jpg,299,168,Gorila,93,12,286,168
2323.jpg,1536,2048,Gorila,222,586,1497,1594
1925.jpg,288,175,Gorila,23,14,284,172
1833.jpg,1000,670,Gorila,8,16,618,643
1267.jpg,500,333,Tigre,11,1,452,331
773.jpg,500,333,Tigre,127,21,493,314
1820.jpg,768,1024,Gorila,32,172,680,916
961.jpg,500,333,Tigre,48,42,250,256
2109.jpg,620,426,Gorila,13,64,616,425
1911.jpg,275,183,Gorila,10,6,267,183
0.jpg,500,375,Tigre,129,78,358,331
897.jpg,375,500,Tigre,182,14,375,241
897.jpg,375,500,Tigre,63,275,296,474
897.jpg,375,500,Tigre,7,26,171,272
2240.jpg,394,390,Gorila,69,77,367,365
159.jpg,500,375,Tigre,154,69,373,272
1195.jpg,500,335,Tigre,121,60,257,279
964.jpg,500,333,Tigre,106,12,382,295
1914.jpg,400,250,Gorila,4,3,386,250
1983.jpg,275,183,Gorila,33,26,240,180
1785.jpg,324,216,Gorila,32,10,198,193
854.jpg,500,333,Tigre,92,11,431,317
2165.jpg,275,183,Gorila,15,13,242,183
2212.jpg,296,170,Gorila,35,4,240,163
2158.jpg,962,853,Gorila,40,71,890,853
38.jpg,500,375,Tigre,66,132,302,349
2722.jpg,3296,2472,Jorge,1378,1686,1998,2406
1727.jpg,1600,800,Gorila,140,25,1475,800
1799.jpeg,1200,675,Gorila,669,138,944,606
1799.jpeg,1200,675,Gorila,225,219,631,675
331.jpg,740,530,Tigre,290,207,428,365
400.jpg,200,150,Tigre,9,8,191,125
1866.jpg,750,560,Gorila,165,118,637,502
2131.jpg,1345,2191,Gorila,83,91,1283,2120
1872.jpg,2500,1668,Gorila,460,183,1299,1668
2254.jpg,100,100,Gorila,2,1,100,97
1806.jpg,700,394,Gorila,115,20,581,394
1027.jpg,500,208,Tigre,8,34,163,175
1876.jpg,600,436,Gorila,50,64,450,392
1237.jpg,500,334,Tigre,131,33,483,321
1214.jpg,496,500,Tigre,91,40,408,460
2033.jpg,473,480,Gorila,50,26,451,480
2711.jpg,3296,2472,Jorge,1078,786,1598,1466
2436.jpg,464,362,Gorila,126,109,428,353
2436.jpg,464,362,Gorila,26,97,153,226
87.jpg,148,229,Tigre,31,81,122,215
1114.jpg,480,720,Tigre,92,231,369,551
2173.jpg,275,183,Gorila,85,10,245,183
2411.jpg,736,1213,Gorila,22,20,719,1213
1968.jpg,509,339,Gorila,80,30,498,339
2792.jpg,1280,960,Jorge,127,333,340,653
2699.jpg,3296,2472,Jorge,1698,1146,2718,2366
2298.jpg,194,259,Gorila,17,80,188,231
2690.jpg,4032,3024,Jorge,1303,874,2253,2174
2193.jpg,1024,1024,Gorila,120,48,1014,987
2016.jpg,500,349,Gorila,16,15,469,344
987.jpg,253,381,Tigre,15,72,214,313
2380.jpg,1280,720,Gorila,276,39,1240,720
1713.jpg,1920,1080,Gorila,646,20,1390,1080
891.jpg,500,340,Tigre,41,64,465,277
2067.jpg,183,275,Gorila,20,30,169,225
2496.jpg,1200,900,Gorila,56,87,981,725
2394.jpg,276,183,Gorila,71,3,270,182
8.jpg,200,300,Tigre,55,22,169,285
1205.jpg,333,500,Tigre,6,4,248,207
1205.jpg,333,500,Tigre,7,211,274,491
1157.jpg,500,390,Tigre,68,85,333,316
2187.jpg,300,400,Gorila,28,29,273,382
1233.jpg,500,375,Tigre,114,3,407,284
2214.jpg,175,288,Gorila,2,1,171,288
2139.jpg,660,440,Gorila,128,32,503,425
2194.jpg,768,430,Gorila,112,67,608,430
2194.jpg,768,430,Gorila,96,39,364,239
1846.jpg,1200,900,Gorila,300,131,913,837
2155.jpg,510,433,Gorila,107,58,453,418
2480.jpg,300,168,Gorila,63,7,270,168
2332.jpg,225,225,Gorila,9,33,167,214
1937.jpg,183,276,Gorila,33,52,156,260
1858.jpg,300,225,Gorila,2,1,205,225
1939.jpg,650,433,Gorila,154,17,543,431
700.jpg,510,340,Tigre,247,94,497,187
700.jpg,510,340,Tigre,19,106,362,274
2726.jpg,4032,3024,Jorge,1878,299,2328,999
646.jpg,500,375,Tigre,352,199,473,365
1695.jpeg,612,340,Gorila,126,3,609,340
1737.jpg,311,162,Gorila,39,5,247,156
972.jpg,400,500,Tigre,12,8,364,437
2759.jpeg,2880,1620,Jorge,631,34,1631,968
2389.jpg,100,100,Gorila,1,3,76,99
2524.jpg,626,699,Gorila,1,10,626,686
1083.jpg,266,177,Tigre,72,8,147,68
1083.jpg,266,177,Tigre,155,41,227,133
2392.jpg,250,188,Gorila,43,23,172,155
41.jpg,500,333,Tigre,181,34,469,289
717.jpg,500,334,Tigre,74,39,446,317
1189.jpg,500,436,Tigre,5,132,455,395
2248.jpg,300,168,Gorila,139,46,288,163
2787.jpeg,3296,1854,Jorge,1578,637,2458,1697
2795.jpg,2576,1932,Jorge,337,501,1052,1315
2004.jpg,1000,715,Gorila,154,28,934,714
2015.jpg,640,480,Gorila,33,33,460,416
2746.jpg,1280,720,Jorge,380,133,560,313
1793.jpg,760,508,Gorila,278,56,610,468
2420.jpg,1200,600,Gorila,6,18,1075,600
2785.jpg,590,1280,Jorge,268,282,493,566
814.jpg,500,333,Tigre,75,70,462,302
1992.jpg,1100,733,Gorila,95,75,806,733
2474.jpg,275,183,Gorila,85,21,193,154
851.jpg,500,333,Tigre,18,34,446,310
2204.jpg,1531,1893,Gorila,45,167,1319,1893
2058.jpg,1228,756,Gorila,97,14,1084,734
1284.jpg,500,339,Tigre,14,18,480,334
2376.jpg,1003,592,Gorila,140,25,909,588
2144.jpg,800,534,Gorila,79,29,488,450
1279.jpg,500,334,Tigre,120,24,362,288
1816.jpg,311,162,Gorila,14,2,225,162
2010.jpg,2406,2994,Gorila,150,172,2406,2973
1950.jpg,275,183,Gorila,140,34,265,147
1950.jpg,275,183,Gorila,20,39,113,137
728.jpg,200,244,Tigre,50,28,178,170
725.jpg,598,394,Tigre,84,51,561,373
2800.jpg,2576,1932,Jorge,652,730,1366,1744
2042.jpg,274,184,Gorila,45,7,274,180
804.jpg,500,334,Tigre,128,41,401,305
828.jpg,500,333,Tigre,209,100,301,192
957.jpg,433,500,Tigre,71,46,421,311
488.jpg,500,341,Tigre,195,48,467,261
1940.jpg,353,239,Gorila,68,18,295,238
1073.jpg,500,332,Tigre,88,43,355,212
76.jpg,375,500,Tigre,13,40,346,320
1864.jpg,470,305,Gorila,33,59,428,252
2379.jpg,793,528,Gorila,186,41,673,482
1953.jpg,274,184,Gorila,52,6,222,149
760.jpg,333,500,Tigre,45,31,326,430
2790.jpg,1152,864,Jorge,729,310,1042,716
2117.jpg,183,275,Gorila,5,18,174,266
648.jpg,349,500,Tigre,32,16,333,426
1993.jpg,414,624,Gorila,90,156,384,575
238.jpg,200,133,Tigre,71,30,140,79
2702.jpg,3296,2472,Jorge,1898,1446,2598,1946
2121.jpg,275,183,Gorila,23,1,191,183
1910.jpg,300,168,Gorila,4,1,202,168
2490.jpg,194,259,Gorila,81,91,135,174
2388.jpg,100,100,Gorila,2,5,97,96
2206.jpg,800,524,Gorila,113,57,763,461
1933.jpg,280,180,Gorila,24,12,276,180
1703.jpg,600,400,Gorila,113,15,597,399
2002.jpg,415,332,Gorila,106,51,349,290
2169.jpg,300,168,Gorila,109,20,230,163
1813.jpg,560,370,Gorila,2,3,273,359
2249.jpg,262,193,Gorila,3,5,255,187
2348.jpg,448,336,Gorila,11,33,362,259
1995.jpg,600,401,Gorila,216,32,481,363
2179.jpg,183,275,Gorila,4,3,150,271
2309.jpg,300,168,Gorila,61,26,227,149
134.jpg,500,375,Tigre,176,2,450,347
1118.jpg,500,400,Tigre,203,63,451,306
326.jpg,500,374,Tigre,114,18,415,374
254.jpg,392,500,Tigre,32,28,341,470
2764.jpg,1280,960,Jorge,440,459,567,613
1720.jpg,800,533,Gorila,167,33,795,533
1838.jpg,1299,866,Gorila,446,172,1138,758
1843.jpg,1200,680,Gorila,294,115,825,640
2489.jpg,190,266,Gorila,4,11,178,266
1822.jpeg,656,370,Gorila,15,14,650,359
119.jpg,500,375,Tigre,116,1,372,308
2221.jpg,305,165,Gorila,3,4,235,165
2227.jpg,275,183,Gorila,158,10,256,140
1840.jpg,259,194,Gorila,102,7,213,175
1875.jpg,1800,1362,Gorila,185,16,1525,1256
2431.jpg,1600,900,Gorila,1125,166,1450,600
2431.jpg,1600,900,Gorila,225,333,558,766
2431.jpg,1600,900,Gorila,508,66,1067,800
2527.jpg,401,308,Gorila,10,7,385,284
5.jpg,750,513,Tigre,57,110,657,434
440.jpg,500,342,Tigre,71,18,443,310
2347.jpg,800,600,Gorila,63,108,546,574
186.jpg,456,640,Tigre,112,16,406,529
252.jpg,332,500,Tigre,20,41,300,427
1221.jpg,300,429,Tigre,20,53,292,419
2391.jpg,284,177,Gorila,24,32,230,169
1895.jpg,183,275,Gorila,16,8,170,275
338.jpg,120,109,Tigre,11,2,106,106
1750.jpg,674,396,Gorila,91,10,524,392
2123.jpg,1296,730,Gorila,22,1,734,690
302.jpg,500,375,Tigre,186,105,369,302
1954.jpg,360,450,Gorila,12,25,348,449
2732.jpg,3296,2472,Jorge,1258,586,2038,1686
2235.jpg,1080,907,Gorila,19,21,1072,868
2124.jpeg,774,800,Gorila,119,1,643,623
925.jpg,383,500,Tigre,24,68,348,483
943.jpg,500,375,Tigre,60,81,484,333
2749.jpeg,3296,1854,Jorge,1918,617,3098,1677
705.jpg,300,225,Tigre,51,68,230,182
2222.jpg,299,168,Gorila,117,6,262,168
540.jpg,500,375,Tigre,45,15,407,361
1112.jpg,334,500,Tigre,59,92,234,432
2355.jpg,211,239,Gorila,11,11,210,239
1877.jpg,760,506,Gorila,58,79,458,491
833.jpg,500,335,Tigre,137,18,456,316
2166.jpg,275,183,Gorila,10,4,260,183
2283.jpg,1437,809,Gorila,429,7,1414,807
1197.jpg,500,366,Tigre,148,39,486,365
2374.jpg,2560,1600,Gorila,572,221,2058,1421
709.jpg,155,110,Tigre,13,6,143,107
135.jpg,150,100,Tigre,26,2,148,99
1952.jpg,1280,720,Gorila,333,6,1213,706
2285.jpg,644,362,Gorila,20,82,306,348
2285.jpg,644,362,Gorila,330,13,485,186
2285.jpg,644,362,Gorila,502,48,595,200
2788.jpg,864,1152,Jorge,247,428,629,887
2048.jpg,265,190,Gorila,45,5,248,174
1062.jpg,500,333,Tigre,150,101,296,238
1970.jpg,650,464,Gorila,78,54,609,451
2473.jpg,275,183,Gorila,143,9,263,129
47.jpg,500,333,Tigre,55,64,416,333
2079.jpg,275,183,Gorila,1,27,192,182
2079.jpg,275,183,Gorila,199,64,275,181
1963.jpg,213,237,Gorila,23,12,173,218
482.jpg,200,165,Tigre,6,10,109,132
1865.jpg,1200,800,Gorila,50,25,1025,775
1800.jpg,1200,675,Gorila,94,1,881,650
2039.jpg,822,502,Gorila,12,5,812,496
490.jpg,420,228,Tigre,4,21,379,208
1821.jpg,900,644,Gorila,30,53,662,644
2410.jpg,448,336,Gorila,57,3,441,331
2041.jpg,300,168,Gorila,42,6,295,163
177.jpg,500,334,Tigre,47,59,425,289
1211.jpg,500,375,Tigre,113,40,395,373
2311.jpg,277,182,Gorila,55,26,250,182
1693.jpg,2304,2304,Gorila,396,208,1996,2208
2328.jpg,100,100,Gorila,2,13,100,99
2176.jpg,300,168,Gorila,170,34,256,151
2176.jpg,300,168,Gorila,53,12,120,96
503.jpg,375,500,Tigre,20,79,371,416
2277.jpg,720,480,Gorila,37,3,688,480
730.jpg,500,489,Tigre,13,31,473,455
858.jpg,500,332,Tigre,18,22,361,328
1899.jpg,333,500,Gorila,1,28,333,466
2267.jpg,311,162,Gorila,265,40,311,125
2267.jpg,311,162,Gorila,160,19,264,156
2267.jpg,311,162,Gorila,5,5,153,162
1726.jpg,980,552,Gorila,345,5,871,547
2362.jpg,259,194,Gorila,18,33,177,188
81.jpg,500,375,Tigre,156,59,500,353
2358.jpg,300,168,Gorila,84,4,244,159
2243.jpg,1200,628,Gorila,6,51,475,626
2085.jpg,641,428,Gorila,83,20,597,428
623.jpg,500,333,Tigre,81,65,321,248
1764.jpg,600,315,Gorila,66,10,447,273
1712.jpg,990,557,Gorila,13,12,481,554
462.jpg,500,333,Tigre,62,90,483,273
2404.jpg,300,225,Gorila,33,7,289,224
2430.jpg,320,246,Gorila,6,24,302,245
2459.jpg,1200,787,Gorila,56,19,875,787
523.jpg,500,328,Tigre,172,83,407,236
523.jpg,500,328,Tigre,56,175,480,328
1818.jpg,1600,1200,Gorila,458,33,1567,1166
2029.jpg,248,203,Gorila,60,9,185,194
1199.jpg,500,341,Tigre,50,98,446,289
2237.jpg,1285,855,Gorila,692,14,1239,621
793.jpg,500,500,Tigre,241,93,500,407
793.jpg,500,500,Tigre,20,29,241,307
125.jpg,500,334,Tigre,94,9,500,330
2513.jpg,1076,814,Gorila,205,9,923,809
1948.jpg,290,174,Gorila,85,10,290,173
945.jpg,334,500,Tigre,10,13,318,468
2408.jpg,2048,1363,Gorila,418,31,1918,1175
1731.jpg,720,720,Gorila,38,57,604,580
1125.jpg,500,340,Tigre,30,32,336,218
1745.jpg,1280,720,Gorila,510,79,1233,720
2278.jpg,1280,720,Gorila,120,13,1207,719
2510.jpg,680,419,Gorila,222,68,498,419
641.jpg,318,173,Tigre,72,18,175,136
2373.jpg,2560,1707,Gorila,329,146,2311,1706
746.jpg,768,543,Tigre,226,33,768,431
1859.jpg,1260,705,Gorila,180,22,999,705
579.jpg,500,500,Tigre,56,12,457,464
1902.jpg,612,408,Gorila,132,60,568,389
2215.jpg,768,511,Gorila,91,19,712,511
1919.jpg,225,225,Gorila,68,3,221,222
2381.jpg,1536,2048,Gorila,230,602,1372,1486
1161.jpg,333,500,Tigre,78,80,252,461
1827.jpg,900,506,Gorila,424,22,874,506
1827.jpg,900,506,Gorila,90,60,405,503
2000.jpg,269,187,Gorila,12,9,251,178
1202.jpg,500,373,Tigre,83,115,490,323
2809.jpg,2576,1932,Jorge,294,801,1309,1673
2471.jpg,1200,690,Gorila,1,57,1138,686
2253.jpg,100,100,Gorila,14,2,87,90
971.jpg,500,375,Tigre,147,69,389,314
2279.jpg,1280,720,Gorila,689,186,1247,720
1259.jpg,500,333,Tigre,198,118,360,272
1880.jpg,500,500,Gorila,53,9,437,495
1158.jpg,500,319,Tigre,134,13,449,283
2462.jpg,1100,633,Gorila,176,55,841,619
430.jpg,200,150,Tigre,24,9,178,140
2794.jpg,2576,1932,Jorge,680,1130,1275,1932
1705.jpg,793,528,Gorila,194,37,677,512
2022.jpg,550,367,Gorila,69,37,493,367
824.jpg,500,333,Tigre,209,22,420,333
824.jpg,500,333,Tigre,47,53,218,302
3.jpg,500,340,Tigre,101,89,353,264
1803.jpg,290,174,Gorila,5,1,283,171
777.jpg,162,252,Tigre,23,26,155,245
136.jpg,500,345,Tigre,194,83,330,210
449.jpg,200,170,Tigre,52,14,164,115
591.jpg,464,352,Tigre,88,35,345,207
2107.jpg,1920,1255,Gorila,30,27,1070,1227
879.jpg,357,500,Tigre,55,18,341,471
1982.jpg,251,201,Gorila,6,99,251,194
2487.jpg,276,183,Gorila,96,19,248,164
1841.jpg,600,399,Gorila,19,15,259,352
2789.jpeg,2880,1620,Jorge,1,451,781,1585
28.jpg,500,459,Tigre,154,57,477,395
1100.jpg,474,500,Tigre,49,20,443,458
2322.jpg,1024,768,Gorila,298,287,492,559
2322.jpg,1024,768,Gorila,503,264,631,520
2322.jpg,1024,768,Gorila,148,403,298,609
288.jpg,395,155,Tigre,10,29,339,155
2104.jpg,1024,683,Gorila,303,55,1018,683
1273.jpg,500,333,Tigre,18,26,351,253
2149.jpg,1908,1146,Gorila,139,38,1129,1128
2149.jpg,1908,1146,Gorila,1319,28,1908,528
2149.jpg,1908,1146,Gorila,1289,608,1908,1120
2414.jpg,1033,688,Gorila,52,2,1029,669
737.jpg,375,500,Tigre,164,221,374,500
2217.jpg,312,161,Gorila,69,46,201,161
2217.jpg,312,161,Gorila,96,10,242,136
2262.jpg,300,168,Gorila,34,7,295,168
2481.jpg,305,165,Gorila,3,3,225,165
1942.jpg,772,431,Gorila,404,99,640,395
1280.jpg,500,500,Tigre,90,10,478,470
812.jpg,500,333,Tigre,263,24,430,274
1767.jpg,760,570,Gorila,10,95,760,561
2190.jpg,1200,675,Gorila,231,56,1147,675
1264.jpg,500,375,Tigre,147,121,387,324
1823.jpg,700,410,Gorila,393,13,692,410
1823.jpg,700,410,Gorila,10,110,377,410
2053.jpg,360,240,Gorila,216,71,333,226
2053.jpg,360,240,Gorila,35,36,203,239
1857.jpg,750,423,Gorila,113,5,737,405
1757.jpg,303,166,Gorila,48,11,270,166
1268.jpg,500,333,Tigre,27,114,224,301
2402.jpg,448,336,Gorila,148,105,399,305
2003.jpg,241,209,Gorila,35,106,217,209
2181.jpg,252,200,Gorila,20,10,148,172
2181.jpg,252,200,Gorila,124,29,241,183
2502.jpg,720,480,Gorila,61,3,684,457
2017.jpg,242,208,Gorila,4,2,235,204
187.jpg,500,438,Tigre,21,38,439,407
520.jpg,500,333,Tigre,112,24,430,319
561.jpg,500,335,Tigre,214,54,392,278
322.jpg,500,333,Tigre,140,7,464,308
841.jpg,500,359,Tigre,304,37,436,231
841.jpg,500,359,Tigre,164,85,337,282
841.jpg,500,359,Tigre,57,203,189,330
1256.jpg,333,500,Tigre,21,6,330,470
307.jpg,406,500,Tigre,86,24,355,432
2087.jpg,262,192,Gorila,3,13,216,188
2344.jpg,980,654,Gorila,571,193,861,377
2163.jpg,640,623,Gorila,97,37,563,614
1951.jpg,1280,629,Gorila,847,54,1253,508
1951.jpg,1280,629,Gorila,67,1,560,608
42.jpg,500,401,Tigre,51,11,464,385
2288.jpg,300,225,Gorila,2,4,288,223
2261.jpg,225,225,Gorila,20,12,218,218
2485.jpg,182,186,Gorila,25,12,162,172
36.jpg,500,362,Tigre,246,71,485,324
36.jpg,500,362,Tigre,21,36,238,289
1275.jpg,352,500,Tigre,101,131,294,388
864.jpg,1024,768,Tigre,24,144,989,638
2427.jpg,1080,720,Gorila,331,168,702,504
1236.jpg,500,333,Tigre,7,21,413,207
1812.jpeg,612,340,Gorila,58,10,549,332
1797.jpg,450,300,Gorila,121,3,447,292
2808.jpg,4128,2322,Jorge,1176,48,2001,1048
949.jpg,500,335,Tigre,257,29,500,245
949.jpg,500,335,Tigre,1,98,218,319
2703.jpg,3296,2472,Jorge,2038,1486,2658,1986
684.jpg,500,332,Tigre,40,29,470,275
545.jpg,271,425,Tigre,10,145,203,325
23.jpg,500,334,Tigre,106,85,390,247
1696.jpg,655,368,Gorila,188,3,612,365
2260.jpg,275,183,Gorila,10,6,273,176
1811.jpg,768,430,Gorila,147,75,616,430
1898.jpg,2592,3888,Gorila,545,551,2588,3708
2523.jpg,500,334,Gorila,230,34,432,284
2072.jpg,289,472,Gorila,13,17,272,409
2119.jpg,254,300,Gorila,3,5,251,300
2066.jpg,299,168,Gorila,97,6,269,162
418.jpg,500,375,Tigre,111,9,445,324
2738.jpg,4032,3024,Jorge,678,974,2178,2049
2232.jpg,800,480,Gorila,167,31,742,469
6.jpg,500,328,Tigre,12,22,482,248
2136.jpg,274,184,Gorila,43,9,206,184
2484.jpg,232,218,Gorila,18,35,89,191
2484.jpg,232,218,Gorila,111,53,145,85
1935.jpg,300,168,Gorila,18,2,277,168
155.jpg,320,240,Tigre,11,15,290,218
1853.jpg,264,191,Gorila,73,51,194,175
409.jpg,152,122,Tigre,22,29,145,86
611.jpg,670,468,Tigre,100,42,519,424
311.jpg,500,333,Tigre,52,14,384,301
1881.jpg,626,417,Gorila,151,23,407,359
1884.jpg,275,183,Gorila,8,24,263,183
1716.jpeg,612,340,Gorila,45,3,520,339
2683.jpg,3296,2472,Jorge,98,1146,698,1806
1108.jpg,500,375,Tigre,134,99,412,249
1978.jpg,227,222,Gorila,26,22,205,206
2105.jpg,635,357,Gorila,92,13,562,357
2160.jpg,320,239,Gorila,62,11,272,228
2475.jpg,259,194,Gorila,19,26,231,170
2064.jpg,800,1231,Gorila,104,61,717,1170
2301.jpg,299,168,Gorila,66,1,238,165
2183.jpg,299,168,Gorila,105,3,227,158
2317.jpg,1024,683,Gorila,320,21,681,410
1922.jpg,1200,1577,Gorila,69,70,1106,1470
1763.jpg,772,431,Gorila,400,103,624,415
602.jpg,500,500,Tigre,17,27,448,407
444.jpg,500,334,Tigre,11,116,364,274
1139.jpg,500,364,Tigre,136,47,387,348
2050.jpg,3000,1903,Gorila,125,76,1408,1810
2050.jpg,3000,1903,Gorila,1491,160,3000,1830
2264.jpg,259,194,Gorila,119,40,254,194
2264.jpg,259,194,Gorila,1,10,117,137
2382.jpg,800,500,Gorila,63,16,488,458
618.jpg,500,375,Tigre,92,138,345,268
1944.jpg,2480,2179,Gorila,703,54,2061,2179
2038.jpg,275,183,Gorila,61,6,259,183
2736.jpg,3296,2472,Jorge,2178,1126,2598,1626
460.jpg,500,333,Tigre,58,101,297,333
675.jpg,500,356,Tigre,31,72,477,314
1830.jpg,696,473,Gorila,64,68,490,473
2724.jpg,4032,3024,Jorge,1803,299,2253,949
2429.jpg,1100,619,Gorila,300,77,753,583
2088.jpg,509,339,Gorila,1,9,496,317
2082.jpg,201,251,Gorila,16,11,193,245
189.jpg,350,259,Tigre,20,7,316,244
1770.jpg,2560,1600,Gorila,786,107,2044,1492
403.jpg,332,500,Tigre,5,53,310,402
568.jpg,500,333,Tigre,201,110,410,212
2478.jpg,259,194,Gorila,61,16,206,157
266.jpg,500,319,Tigre,125,36,414,286
679.jpg,500,333,Tigre,101,33,444,324
2310.jpg,178,282,Gorila,31,19,159,273
608.jpg,500,458,Tigre,53,16,449,407
1771.jpg,1200,900,Gorila,117,25,900,900
2339.jpg,726,482,Gorila,80,61,437,438
934.jpg,500,375,Tigre,213,47,490,288
142.jpg,375,500,Tigre,63,258,375,476
1896.jpg,209,241,Gorila,9,7,190,226
1699.jpg,976,549,Gorila,64,19,375,549
1699.jpg,976,549,Gorila,443,45,632,424
1976.jpg,374,450,Gorila,94,104,340,450
1976.jpg,374,450,Gorila,15,33,179,272
1967.jpg,659,814,Gorila,7,12,659,799
2491.jpg,259,194,Gorila,181,34,245,116
2491.jpg,259,194,Gorila,21,24,76,91
2491.jpg,259,194,Gorila,127,59,167,102
2491.jpg,259,194,Gorila,77,28,107,71
2491.jpg,259,194,Gorila,148,113,180,153
772.jpg,500,333,Tigre,110,112,396,226
505.jpg,500,249,Tigre,97,32,351,139
2681.jpg,3296,2472,Jorge,618,46,1818,626
2714.jpg,3296,2472,Jorge,1418,286,2058,786
2494.jpg,320,280,Gorila,75,53,240,259
2145.jpg,179,281,Gorila,9,6,168,268
2801.jpg,2576,1932,Jorge,337,458,1309,1501
653.jpg,500,383,Tigre,7,94,318,355
2142.jpg,800,534,Gorila,96,21,488,454
1991.jpg,940,520,Gorila,192,37,607,507
2477.jpg,251,201,Gorila,32,14,211,165
536.jpg,500,500,Tigre,76,36,431,435
930.jpg,500,333,Tigre,191,25,471,309
930.jpg,500,333,Tigre,5,144,192,313
419.jpg,500,367,Tigre,333,123,436,234
85.jpg,144,108,Tigre,18,25,123,102
588.jpg,320,240,Tigre,94,38,227,199
2292.jpg,1200,674,Gorila,177,112,919,674
2084.jpg,500,420,Gorila,3,8,490,416
708.jpg,500,498,Tigre,47,37,457,460
2350.jpg,600,400,Gorila,44,40,391,393
2013.jpg,960,360,Gorila,290,1,675,355
2423.jpg,980,655,Gorila,313,72,687,556
2171.jpg,1280,720,Gorila,133,33,892,720
2806.jpg,2576,1932,Jorge,623,1073,1394,1901
2147.jpg,275,183,Gorila,70,13,209,177
1756.jpg,1600,1077,Gorila,361,29,1425,1077
1960.jpg,933,1400,Gorila,204,642,774,1167
1704.jpg,300,300,Gorila,61,1,233,300
2518.jpg,600,400,Gorila,109,12,491,384
789.jpg,500,332,Tigre,32,20,400,300
1909.jpg,306,165,Gorila,47,4,246,165
1059.jpg,500,375,Tigre,1,12,480,339
2763.jpg,1280,960,Jorge,500,413,620,573
1028.jpg,332,500,Tigre,121,128,276,401
73.jpg,500,491,Tigre,18,52,378,479
2012.jpg,275,183,Gorila,80,3,273,183
1903.jpg,900,619,Gorila,236,35,652,619
2230.jpg,1024,680,Gorila,270,26,1019,680
2741.jpg,3296,2472,Jorge,1378,1186,2518,2146
1707.jpg,1600,900,Gorila,992,100,1462,900
1707.jpg,1600,900,Gorila,750,266,1000,700
1707.jpg,1600,900,Gorila,158,133,742,891
1072.jpg,500,333,Tigre,146,7,345,306
2750.jpg,614,1280,Jorge,330,206,585,547
2466.jpg,600,600,Gorila,19,68,438,546
2791.jpg,1152,864,Jorge,354,310,604,591
1892.jpg,640,360,Gorila,55,16,600,360
2364.jpg,276,183,Gorila,37,2,205,183
509.jpg,390,500,Tigre,33,46,363,406
1887.jpg,225,225,Gorila,20,15,206,215
1815.jpg,192,262,Gorila,3,4,190,260
55.jpg,378,500,Tigre,52,32,309,403
1748.jpg,980,653,Gorila,76,2,503,592
1870.jpg,768,576,Gorila,1,4,748,558
1167.jpg,500,403,Tigre,177,97,351,201
2361.jpg,220,330,Gorila,5,61,213,288
137.jpg,500,333,Tigre,57,12,433,291
262.jpg,333,500,Tigre,57,183,307,413
2774.jpg,1056,784,Jorge,297,95,536,372
2127.jpg,212,237,Gorila,12,7,198,237
2778.jpeg,3296,1854,Jorge,1158,237,2956,1854
1835.jpg,600,450,Gorila,109,52,544,390
1098.jpg,500,333,Tigre,120,58,348,317
7.jpg,800,515,Tigre,176,67,705,435
1006.jpg,500,333,Tigre,111,37,493,174
1006.jpg,500,333,Tigre,8,164,325,326
2094.jpg,400,315,Gorila,31,13,379,307
1906.jpg,300,168,Gorila,128,2,272,168
378.jpg,500,375,Tigre,109,189,489,353
2007.jpg,250,201,Gorila,51,12,190,185
711.jpg,500,333,Tigre,248,158,454,271
711.jpg,500,333,Tigre,174,113,248,245
2011.jpg,300,168,Gorila,76,6,294,168
1151.jpg,500,333,Tigre,389,73,473,215
1932.jpg,275,183,Gorila,1,14,258,179
2266.jpg,265,190,Gorila,24,13,200,160
2781.jpg,959,1280,Jorge,504,315,699,540
2098.jpg,1024,683,Gorila,353,88,992,644
780.jpg,500,343,Tigre,113,14,377,284
2090.jpg,308,164,Gorila,47,2,252,155
2753.jpg,614,1280,Jorge,369,157,592,496
2501.jpg,2560,1600,Gorila,801,164,1515,892
2293.jpg,259,194,Gorila,102,14,257,175
776.jpg,500,375,Tigre,5,42,478,358
2447.jpg,750,473,Gorila,77,54,433,454
2281.jpg,490,368,Gorila,223,102,488,368
2281.jpg,490,368,Gorila,3,31,231,300
1772.jpg,1024,641,Gorila,223,17,1009,641
1732.jpg,1900,1169,Gorila,255,129,1035,1039
2250.jpg,267,189,Gorila,13,72,125,189
370.jpg,500,333,Tigre,17,12,481,284
1883.jpg,750,450,Gorila,161,3,746,450
2425.jpg,980,560,Gorila,140,30,919,456
1794.jpg,1531,1893,Gorila,76,150,1361,1893
2086.jpg,279,181,Gorila,37,4,271,181
2231.jpg,401,308,Gorila,8,3,401,307
543.jpg,400,500,Tigre,140,55,388,355
277.jpg,500,379,Tigre,60,107,461,367
2336.jpg,1280,720,Gorila,367,19,1040,686
999.jpg,343,500,Tigre,44,69,284,332
1095.jpg,500,397,Tigre,90,23,498,382
2257.jpg,275,183,Gorila,136,14,265,164
380.jpg,500,375,Tigre,344,141,439,272
894.jpg,500,375,Tigre,82,50,478,273
2363.jpg,258,195,Gorila,49,6,221,195
2716.jpg,3296,2472,Jorge,1378,26,2698,766
2365.jpg,281,179,Gorila,4,3,266,179
815.jpg,500,406,Tigre,137,36,309,197
815.jpg,500,406,Tigre,9,147,381,388
1856.jpg,321,157,Gorila,93,20,257,157
26.jpg,120,120,Tigre,16,2,106,118
2080.jpg,210,240,Gorila,8,4,205,240
1245.jpg,469,500,Tigre,98,69,432,303
1734.jpg,420,420,Gorila,75,1,310,181
1805.jpg,414,310,Gorila,160,79,351,286
566.jpg,180,175,Tigre,91,55,131,127
2180.jpg,183,275,Gorila,15,16,157,266
2515.jpg,1200,675,Gorila,56,25,969,669
2197.jpg,297,475,Gorila,35,66,280,438
328.jpg,250,198,Tigre,33,26,225,171
516.jpg,500,500,Tigre,214,36,500,445
516.jpg,500,500,Tigre,38,50,247,446
1965.jpg,183,275,Gorila,15,9,171,275
27.jpg,500,344,Tigre,199,10,483,328
1087.jpg,500,333,Tigre,180,217,349,285
2422.jpg,980,654,Gorila,582,219,840,351
2353.jpg,288,175,Gorila,20,14,287,172
2517.jpg,800,480,Gorila,183,39,738,477
1927.jpg,256,197,Gorila,13,2,245,184
271.jpg,500,345,Tigre,205,24,456,331
922.jpg,420,332,Tigre,114,35,375,273
1786.jpg,1000,665,Gorila,244,56,776,661
967.jpg,500,375,Tigre,21,87,495,313
2337.jpg,448,336,Gorila,150,98,397,312
633.jpg,500,333,Tigre,213,108,439,278
2385.jpg,259,194,Gorila,1,48,103,144
2385.jpg,259,194,Gorila,110,18,258,190
2773.jpg,1056,784,Jorge,264,95,541,345
1996.jpg,275,183,Gorila,29,10,216,183
1001.jpg,500,333,Tigre,19,44,321,225
1019.jpg,464,500,Tigre,17,175,413,487
1019.jpg,464,500,Tigre,177,29,342,209
1961.jpg,275,183,Gorila,28,51,178,167
343.jpg,500,375,Tigre,137,167,450,292
1066.jpg,500,375,Tigre,53,128,389,262
2449.jpg,1299,768,Gorila,474,37,917,387
2449.jpg,1299,768,Gorila,196,337,603,680
2449.jpg,1299,768,Gorila,653,387,1047,768
1999.jpg,259,194,Gorila,1,9,217,156
2340.jpg,1805,2048,Gorila,67,79,1805,2043
2696.jpg,4032,2268,Jorge,1303,946,2278,1696
45.jpg,500,337,Tigre,99,88,456,296
1997.jpg,275,183,Gorila,43,14,242,183
1907.jpg,299,168,Gorila,82,25,244,168
2445.jpg,448,336,Gorila,1,28,359,238
354.jpg,500,334,Tigre,253,135,496,279
354.jpg,500,334,Tigre,10,148,218,303
1752.jpg,220,223,Gorila,24,16,204,223
392.jpg,150,130,Tigre,4,15,134,124
2251.jpg,425,692,Gorila,4,8,423,692
2014.jpg,273,184,Gorila,9,6,187,178
2168.jpg,300,168,Gorila,111,10,250,165
758.jpg,333,500,Tigre,14,113,323,455
739.jpg,500,375,Tigre,19,15,414,328
2156.jpg,275,183,Gorila,23,31,186,179
2276.jpg,1300,862,Gorila,438,306,881,720
2276.jpg,1300,862,Gorila,181,227,438,591
1176.jpg,333,500,Tigre,42,36,267,468
1863.jpg,275,184,Gorila,55,20,203,164
2268.jpg,284,177,Gorila,66,27,239,177
117.jpg,180,136,Tigre,37,53,160,115
2318.jpg,1285,855,Gorila,712,54,1212,627
2409.jpg,336,180,Gorila,127,11,287,179
2021.jpg,485,600,Gorila,6,44,428,600
1886.jpg,655,368,Gorila,77,23,576,368
1808.jpg,800,500,Gorila,63,41,575,499
289.jpg,500,375,Tigre,232,116,479,272
289.jpg,500,375,Tigre,13,53,119,99
1735.jpg,1280,720,Gorila,220,6,1227,673
2273.jpg,500,366,Gorila,15,10,474,365
222.jpg,500,500,Tigre,93,27,446,442
2089.jpg,366,488,Gorila,1,9,361,481
2777.jpeg,3296,1854,Jorge,878,1,2036,637
2458.jpg,990,556,Gorila,108,38,743,556
937.jpg,500,333,Tigre,192,108,402,277
2784.jpg,316,342,Jorge,215,188,316,337
956.jpg,500,333,Tigre,157,66,479,224
860.jpg,220,337,Tigre,41,11,192,301
807.jpg,375,500,Tigre,73,53,375,401
2734.jpg,3296,2472,Jorge,2218,946,2638,1606
2698.jpg,4032,2268,Jorge,2153,96,3603,1096
2704.jpg,3296,2472,Jorge,1898,1246,2438,1786
2443.jpg,800,600,Gorila,58,95,542,566
2177.jpg,794,960,Gorila,53,61,499,848
2177.jpg,794,960,Gorila,470,511,716,844
2727.jpg,3296,2472,Jorge,378,606,1378,1926
2216.jpg,286,176,Gorila,41,17,239,166
713.jpg,600,450,Tigre,93,167,447,342
356.jpg,375,500,Tigre,21,30,373,418
2717.jpg,4032,3024,Jorge,903,549,1728,1599
2405.jpg,266,400,Gorila,2,30,256,393
2220.jpg,276,183,Gorila,69,15,273,181
1837.jpg,960,637,Gorila,505,68,905,458
1697.jpg,1200,800,Gorila,75,1,782,800
31.jpg,500,373,Tigre,42,35,453,327
763.jpg,500,333,Tigre,202,80,307,163
786.jpg,453,500,Tigre,100,110,452,369
706.jpg,500,331,Tigre,114,18,381,274
1905.jpg,793,528,Gorila,202,37,677,491
898.jpg,200,150,Tigre,37,10,197,150
1036.jpg,800,530,Tigre,56,180,254,353
1036.jpg,800,530,Tigre,227,111,787,447
2715.jpg,3296,2472,Jorge,1538,406,2838,1106
2731.jpg,3296,2472,Jorge,278,786,2258,2346
1719.jpg,295,295,Gorila,1,1,291,287
2742.jpg,3296,2472,Jorge,778,886,1618,1886
1804.jpg,1900,1267,Gorila,25,38,1745,1248
1021.jpg,500,400,Tigre,65,155,486,332
909.jpg,200,166,Tigre,8,27,111,143
2297.jpg,290,174,Gorila,62,15,275,174
1251.jpg,447,500,Tigre,15,11,413,491
1943.jpg,273,184,Gorila,120,72,177,162
787.jpg,338,450,Tigre,84,65,278,318
11.jpg,320,240,Tigre,160,67,285,173
11.jpg,320,240,Tigre,20,81,158,187
2046.jpg,1500,800,Gorila,21,12,1487,778
2300.jpg,290,174,Gorila,52,15,212,156
908.jpg,271,173,Tigre,40,36,231,119
794.jpg,420,325,Tigre,83,94,252,297
1200.jpg,375,500,Tigre,40,101,367,392
428.jpg,500,390,Tigre,141,33,493,299
1934.jpg,651,400,Gorila,44,15,624,400
2269.jpg,177,284,Gorila,20,41,171,269
1121.jpg,500,332,Tigre,59,21,446,274
152.jpg,500,375,Tigre,87,119,376,265
1810.jpg,289,174,Gorila,61,10,188,174
614.jpg,580,390,Tigre,390,22,484,326
2451.jpg,500,500,Gorila,135,127,448,490
2451.jpg,500,500,Gorila,40,143,185,290
2239.jpg,745,483,Gorila,138,35,562,483
666.jpg,231,300,Tigre,11,24,188,172
1091.jpg,375,500,Tigre,4,21,375,437
1124.jpg,500,333,Tigre,111,57,316,268
193.jpg,500,336,Tigre,35,41,320,329
2062.jpg,225,225,Gorila,12,9,220,222
1860.jpg,328,154,Gorila,59,2,230,154
2228.jpg,720,480,Gorila,42,3,695,480
674.jpg,216,144,Tigre,35,25,178,100
1146.jpg,596,224,Tigre,455,10,592,198
2034.jpg,275,183,Gorila,8,7,262,183
1930.jpg,880,495,Gorila,18,2,702,495
1845.jpg,1080,701,Gorila,113,42,866,689
2345.jpg,464,362,Gorila,40,109,428,331
2027.jpg,800,600,Gorila,288,54,654,599
2294.jpg,306,165,Gorila,39,3,251,163
2001.jpg,750,400,Gorila,225,38,597,370
